[{"model": "admin.logentry", "pk": 1, "fields": {"action_time": "2021-05-09T10:26:02.138Z", "user": 1, "content_type": 9, "object_id": "1", "object_repr": "admin", "action_flag": 1, "change_message": "[{\"added\": {}}]"}}, {"model": "admin.logentry", "pk": 2, "fields": {"action_time": "2021-05-09T10:26:15.961Z", "user": 1, "content_type": 9, "object_id": "1", "object_repr": "Piexel", "action_flag": 2, "change_message": "[{\"changed\": {\"fields\": [\"Name\"]}}]"}}, {"model": "admin.logentry", "pk": 3, "fields": {"action_time": "2021-05-09T10:56:31.272Z", "user": 1, "content_type": 9, "object_id": "1", "object_repr": "Peixe", "action_flag": 2, "change_message": "[{\"changed\": {\"fields\": [\"Name\"]}}]"}}, {"model": "admin.logentry", "pk": 4, "fields": {"action_time": "2021-05-09T10:56:37.375Z", "user": 1, "content_type": 9, "object_id": "2", "object_repr": "Zigzag", "action_flag": 1, "change_message": "[{\"added\": {}}]"}}, {"model": "admin.logentry", "pk": 5, "fields": {"action_time": "2021-05-09T10:56:44.210Z", "user": 1, "content_type": 9, "object_id": "3", "object_repr": "Elegance", "action_flag": 1, "change_message": "[{\"added\": {}}]"}}, {"model": "admin.logentry", "pk": 6, "fields": {"action_time": "2021-05-09T10:56:50.139Z", "user": 1, "content_type": 9, "object_id": "4", "object_repr": "Skull", "action_flag": 1, "change_message": "[{\"added\": {}}]"}}, {"model": "admin.logentry", "pk": 7, "fields": {"action_time": "2021-05-09T11:10:18.008Z", "user": 1, "content_type": 8, "object_id": "1", "object_repr": "Hasan Onur Ozcan", "action_flag": 1, "change_message": "[{\"added\": {}}]"}}, {"model": "admin.logentry", "pk": 8, "fields": {"action_time": "2021-05-09T11:10:39.388Z", "user": 1, "content_type": 10, "object_id": "1", "object_repr": "Product object (1)", "action_flag": 1, "change_message": "[{\"added\": {}}]"}}, {"model": "admin.logentry", "pk": 9, "fields": {"action_time": "2021-05-09T11:12:13.902Z", "user": 1, "content_type": 10, "object_id": "2", "object_repr": "Product object (2)", "action_flag": 1, "change_message": "[{\"added\": {}}]"}}, {"model": "admin.logentry", "pk": 10, "fields": {"action_time": "2021-05-09T11:12:45.611Z", "user": 1, "content_type": 10, "object_id": "3", "object_repr": "Product object (3)", "action_flag": 1, "change_message": "[{\"added\": {}}]"}}, {"model": "admin.logentry", "pk": 11, "fields": {"action_time": "2021-05-09T11:13:11.313Z", "user": 1, "content_type": 10, "object_id": "4", "object_repr": "Product object (4)", "action_flag": 1, "change_message": "[{\"added\": {}}]"}}, {"model": "admin.logentry", "pk": 12, "fields": {"action_time": "2021-05-11T13:50:14.069Z", "user": 1, "content_type": 10, "object_id": "1", "object_repr": "Zigzag", "action_flag": 2, "change_message": "[{\"changed\": {\"fields\": [\"Description\"]}}]"}}, {"model": "admin.logentry", "pk": 13, "fields": {"action_time": "2021-05-12T13:23:50.047Z", "user": 1, "content_type": 10, "object_id": "2", "object_repr": "Peixe", "action_flag": 2, "change_message": "[{\"changed\": {\"fields\": [\"Description\"]}}]"}}, {"model": "admin.logentry", "pk": 14, "fields": {"action_time": "2021-05-12T13:23:57.837Z", "user": 1, "content_type": 10, "object_id": "4", "object_repr": "Fota", "action_flag": 2, "change_message": "[{\"changed\": {\"fields\": [\"Description\"]}}]"}}, {"model": "admin.logentry", "pk": 15, "fields": {"action_time": "2021-05-12T13:24:02.424Z", "user": 1, "content_type": 10, "object_id": "2", "object_repr": "Peixe", "action_flag": 2, "change_message": "[]"}}, {"model": "admin.logentry", "pk": 16, "fields": {"action_time": "2021-05-12T13:27:05.869Z", "user": 1, "content_type": 10, "object_id": "3", "object_repr": "Skull", "action_flag": 2, "change_message": "[{\"changed\": {\"fields\": [\"Description\", \"Thumbnail\"]}}]"}}, {"model": "admin.logentry", "pk": 17, "fields": {"action_time": "2021-05-12T13:28:14.951Z", "user": 1, "content_type": 10, "object_id": "1", "object_repr": "Zigzag", "action_flag": 2, "change_message": "[{\"changed\": {\"fields\": [\"Thumbnail\"]}}]"}}, {"model": "admin.logentry", "pk": 18, "fields": {"action_time": "2021-05-12T13:28:47.137Z", "user": 1, "content_type": 10, "object_id": "2", "object_repr": "Peixe", "action_flag": 2, "change_message": "[{\"changed\": {\"fields\": [\"Thumbnail\"]}}]"}}, {"model": "admin.logentry", "pk": 19, "fields": {"action_time": "2021-05-12T13:29:44.270Z", "user": 1, "content_type": 10, "object_id": "4", "object_repr": "Elegance", "action_flag": 2, "change_message": "[{\"changed\": {\"fields\": [\"Title\", \"Thumbnail\"]}}]"}}, {"model": "admin.logentry", "pk": 20, "fields": {"action_time": "2021-05-12T13:30:55.912Z", "user": 1, "content_type": 9, "object_id": "5", "object_repr": "Baroque", "action_flag": 1, "change_message": "[{\"added\": {}}]"}}, {"model": "admin.logentry", "pk": 21, "fields": {"action_time": "2021-05-12T13:31:01.566Z", "user": 1, "content_type": 10, "object_id": "5", "object_repr": "Baroque", "action_flag": 1, "change_message": "[{\"added\": {}}]"}}, {"model": "admin.logentry", "pk": 22, "fields": {"action_time": "2021-05-12T13:32:01.599Z", "user": 1, "content_type": 9, "object_id": "6", "object_repr": "Pineapple", "action_flag": 1, "change_message": "[{\"added\": {}}]"}}, {"model": "admin.logentry", "pk": 23, "fields": {"action_time": "2021-05-12T13:32:20.190Z", "user": 1, "content_type": 10, "object_id": "6", "object_repr": "Pineapple", "action_flag": 1, "change_message": "[{\"added\": {}}]"}}, {"model": "admin.logentry", "pk": 24, "fields": {"action_time": "2021-05-12T13:34:02.457Z", "user": 1, "content_type": 9, "object_id": "7", "object_repr": "Stonewashed", "action_flag": 1, "change_message": "[{\"added\": {}}]"}}, {"model": "admin.logentry", "pk": 25, "fields": {"action_time": "2021-05-12T13:34:14.009Z", "user": 1, "content_type": 10, "object_id": "7", "object_repr": "Stonewashed", "action_flag": 1, "change_message": "[{\"added\": {}}]"}}, {"model": "admin.logentry", "pk": 26, "fields": {"action_time": "2021-05-12T13:34:42.261Z", "user": 1, "content_type": 9, "object_id": "8", "object_repr": "Tones", "action_flag": 1, "change_message": "[{\"added\": {}}]"}}, {"model": "admin.logentry", "pk": 27, "fields": {"action_time": "2021-05-12T13:35:03.052Z", "user": 1, "content_type": 10, "object_id": "8", "object_repr": "Tones", "action_flag": 1, "change_message": "[{\"added\": {}}]"}}, {"model": "admin.logentry", "pk": 28, "fields": {"action_time": "2021-05-12T13:35:29.860Z", "user": 1, "content_type": 9, "object_id": "9", "object_repr": "Vintage", "action_flag": 1, "change_message": "[{\"added\": {}}]"}}, {"model": "admin.logentry", "pk": 29, "fields": {"action_time": "2021-05-12T13:36:02.314Z", "user": 1, "content_type": 10, "object_id": "9", "object_repr": "Vintage", "action_flag": 1, "change_message": "[{\"added\": {}}]"}}, {"model": "admin.logentry", "pk": 30, "fields": {"action_time": "2021-05-12T13:36:34.588Z", "user": 1, "content_type": 9, "object_id": "10", "object_repr": "Azteca", "action_flag": 1, "change_message": "[{\"added\": {}}]"}}, {"model": "admin.logentry", "pk": 31, "fields": {"action_time": "2021-05-12T13:36:51.509Z", "user": 1, "content_type": 10, "object_id": "10", "object_repr": "Azteca", "action_flag": 1, "change_message": "[{\"added\": {}}]"}}, {"model": "admin.logentry", "pk": 32, "fields": {"action_time": "2021-05-12T13:38:18.767Z", "user": 1, "content_type": 10, "object_id": "4", "object_repr": "Elegance", "action_flag": 2, "change_message": "[{\"changed\": {\"fields\": [\"Price\"]}}]"}}, {"model": "admin.logentry", "pk": 33, "fields": {"action_time": "2021-05-12T13:38:29.233Z", "user": 1, "content_type": 10, "object_id": "2", "object_repr": "Peixe", "action_flag": 2, "change_message": "[{\"changed\": {\"fields\": [\"Price\"]}}]"}}, {"model": "admin.logentry", "pk": 34, "fields": {"action_time": "2021-05-12T13:38:36.024Z", "user": 1, "content_type": 10, "object_id": "3", "object_repr": "Skull", "action_flag": 2, "change_message": "[{\"changed\": {\"fields\": [\"Price\"]}}]"}}, {"model": "admin.logentry", "pk": 35, "fields": {"action_time": "2021-05-12T13:38:51.664Z", "user": 1, "content_type": 10, "object_id": "5", "object_repr": "Baroque", "action_flag": 2, "change_message": "[{\"changed\": {\"fields\": [\"Price\"]}}]"}}, {"model": "admin.logentry", "pk": 36, "fields": {"action_time": "2021-05-12T13:40:11.426Z", "user": 1, "content_type": 9, "object_id": "11", "object_repr": "Adriatic", "action_flag": 1, "change_message": "[{\"added\": {}}]"}}, {"model": "admin.logentry", "pk": 37, "fields": {"action_time": "2021-05-12T13:40:27.427Z", "user": 1, "content_type": 10, "object_id": "11", "object_repr": "Adriatic", "action_flag": 1, "change_message": "[{\"added\": {}}]"}}, {"model": "admin.logentry", "pk": 38, "fields": {"action_time": "2021-05-12T13:41:26.261Z", "user": 1, "content_type": 9, "object_id": "12", "object_repr": "Caspian", "action_flag": 1, "change_message": "[{\"added\": {}}]"}}, {"model": "admin.logentry", "pk": 39, "fields": {"action_time": "2021-05-12T13:41:29.828Z", "user": 1, "content_type": 10, "object_id": "12", "object_repr": "Caspian", "action_flag": 1, "change_message": "[{\"added\": {}}]"}}, {"model": "admin.logentry", "pk": 40, "fields": {"action_time": "2021-05-13T12:59:35.832Z", "user": 1, "content_type": 10, "object_id": "12", "object_repr": "Caspian", "action_flag": 2, "change_message": "[{\"changed\": {\"fields\": [\"Description\"]}}]"}}, {"model": "admin.logentry", "pk": 41, "fields": {"action_time": "2021-05-13T12:59:41.052Z", "user": 1, "content_type": 10, "object_id": "11", "object_repr": "Adriatic", "action_flag": 2, "change_message": "[{\"changed\": {\"fields\": [\"Description\"]}}]"}}, {"model": "admin.logentry", "pk": 42, "fields": {"action_time": "2021-05-13T12:59:44.816Z", "user": 1, "content_type": 10, "object_id": "11", "object_repr": "Adriatic", "action_flag": 2, "change_message": "[]"}}, {"model": "admin.logentry", "pk": 43, "fields": {"action_time": "2021-05-13T12:59:50.422Z", "user": 1, "content_type": 10, "object_id": "11", "object_repr": "Adriatic", "action_flag": 2, "change_message": "[]"}}, {"model": "admin.logentry", "pk": 44, "fields": {"action_time": "2021-05-13T12:59:58.832Z", "user": 1, "content_type": 10, "object_id": "9", "object_repr": "Vintage", "action_flag": 2, "change_message": "[{\"changed\": {\"fields\": [\"Description\"]}}]"}}, {"model": "admin.logentry", "pk": 45, "fields": {"action_time": "2021-05-13T13:00:03.389Z", "user": 1, "content_type": 10, "object_id": "8", "object_repr": "Tones", "action_flag": 2, "change_message": "[{\"changed\": {\"fields\": [\"Description\"]}}]"}}, {"model": "admin.logentry", "pk": 46, "fields": {"action_time": "2021-05-13T13:00:08.839Z", "user": 1, "content_type": 10, "object_id": "7", "object_repr": "Stonewashed", "action_flag": 2, "change_message": "[{\"changed\": {\"fields\": [\"Description\"]}}]"}}, {"model": "admin.logentry", "pk": 47, "fields": {"action_time": "2021-05-13T13:00:17.874Z", "user": 1, "content_type": 10, "object_id": "5", "object_repr": "Baroque", "action_flag": 2, "change_message": "[{\"changed\": {\"fields\": [\"Description\"]}}]"}}, {"model": "admin.logentry", "pk": 48, "fields": {"action_time": "2021-05-13T13:00:25.041Z", "user": 1, "content_type": 10, "object_id": "3", "object_repr": "Skull", "action_flag": 2, "change_message": "[{\"changed\": {\"fields\": [\"Description\"]}}]"}}, {"model": "admin.logentry", "pk": 49, "fields": {"action_time": "2021-05-13T13:00:29.778Z", "user": 1, "content_type": 10, "object_id": "1", "object_repr": "Zigzag", "action_flag": 2, "change_message": "[{\"changed\": {\"fields\": [\"Description\"]}}]"}}, {"model": "admin.logentry", "pk": 50, "fields": {"action_time": "2021-05-13T13:00:35.127Z", "user": 1, "content_type": 10, "object_id": "3", "object_repr": "Skull", "action_flag": 2, "change_message": "[]"}}, {"model": "admin.logentry", "pk": 51, "fields": {"action_time": "2021-05-13T13:01:38.013Z", "user": 1, "content_type": 10, "object_id": "12", "object_repr": "Caspian", "action_flag": 2, "change_message": "[{\"changed\": {\"fields\": [\"Description\"]}}]"}}, {"model": "admin.logentry", "pk": 52, "fields": {"action_time": "2021-05-13T13:01:42.590Z", "user": 1, "content_type": 10, "object_id": "11", "object_repr": "Adriatic", "action_flag": 2, "change_message": "[{\"changed\": {\"fields\": [\"Description\"]}}]"}}, {"model": "admin.logentry", "pk": 53, "fields": {"action_time": "2021-05-13T13:01:50.452Z", "user": 1, "content_type": 10, "object_id": "9", "object_repr": "Vintage", "action_flag": 2, "change_message": "[{\"changed\": {\"fields\": [\"Description\"]}}]"}}, {"model": "admin.logentry", "pk": 54, "fields": {"action_time": "2021-05-13T13:14:16.621Z", "user": 1, "content_type": 10, "object_id": "8", "object_repr": "Tones", "action_flag": 2, "change_message": "[]"}}, {"model": "admin.logentry", "pk": 55, "fields": {"action_time": "2021-05-15T06:25:22.358Z", "user": 1, "content_type": 10, "object_id": "12", "object_repr": "Caspian", "action_flag": 2, "change_message": "[{\"changed\": {\"fields\": [\"Description\"]}}]"}}, {"model": "admin.logentry", "pk": 56, "fields": {"action_time": "2021-05-15T06:25:34.132Z", "user": 1, "content_type": 10, "object_id": "11", "object_repr": "Adriatic", "action_flag": 2, "change_message": "[{\"changed\": {\"fields\": [\"Description\"]}}]"}}, {"model": "admin.logentry", "pk": 57, "fields": {"action_time": "2021-05-15T06:25:40.960Z", "user": 1, "content_type": 10, "object_id": "10", "object_repr": "Azteca", "action_flag": 2, "change_message": "[{\"changed\": {\"fields\": [\"Description\"]}}]"}}, {"model": "admin.logentry", "pk": 58, "fields": {"action_time": "2021-05-15T06:25:51.897Z", "user": 1, "content_type": 10, "object_id": "9", "object_repr": "Vintage", "action_flag": 2, "change_message": "[{\"changed\": {\"fields\": [\"Description\"]}}]"}}, {"model": "admin.logentry", "pk": 59, "fields": {"action_time": "2021-05-15T06:26:03.788Z", "user": 1, "content_type": 10, "object_id": "7", "object_repr": "Stonewashed", "action_flag": 2, "change_message": "[{\"changed\": {\"fields\": [\"Description\"]}}]"}}, {"model": "admin.logentry", "pk": 60, "fields": {"action_time": "2021-05-15T07:38:21.112Z", "user": 1, "content_type": 9, "object_id": "13", "object_repr": "Linen", "action_flag": 1, "change_message": "[{\"added\": {}}]"}}, {"model": "admin.logentry", "pk": 61, "fields": {"action_time": "2021-05-15T07:38:47.207Z", "user": 1, "content_type": 9, "object_id": "14", "object_repr": "Cotton", "action_flag": 1, "change_message": "[{\"added\": {}}]"}}, {"model": "admin.logentry", "pk": 62, "fields": {"action_time": "2021-05-15T07:39:17.964Z", "user": 1, "content_type": 10, "object_id": "12", "object_repr": "Caspian", "action_flag": 2, "change_message": "[{\"changed\": {\"fields\": [\"Category\"]}}]"}}, {"model": "admin.logentry", "pk": 63, "fields": {"action_time": "2021-05-15T07:39:28.434Z", "user": 1, "content_type": 10, "object_id": "11", "object_repr": "Adriatic", "action_flag": 2, "change_message": "[{\"changed\": {\"fields\": [\"Category\"]}}]"}}, {"model": "admin.logentry", "pk": 64, "fields": {"action_time": "2021-05-15T07:39:39.068Z", "user": 1, "content_type": 10, "object_id": "11", "object_repr": "Adriatic", "action_flag": 2, "change_message": "[]"}}, {"model": "admin.logentry", "pk": 65, "fields": {"action_time": "2021-05-15T07:39:47.674Z", "user": 1, "content_type": 10, "object_id": "8", "object_repr": "Tones", "action_flag": 2, "change_message": "[{\"changed\": {\"fields\": [\"Category\"]}}]"}}, {"model": "admin.logentry", "pk": 66, "fields": {"action_time": "2021-05-15T07:39:56.697Z", "user": 1, "content_type": 10, "object_id": "6", "object_repr": "Pineapple", "action_flag": 2, "change_message": "[{\"changed\": {\"fields\": [\"Category\"]}}]"}}, {"model": "admin.logentry", "pk": 67, "fields": {"action_time": "2021-05-15T07:40:04.167Z", "user": 1, "content_type": 10, "object_id": "9", "object_repr": "Vintage", "action_flag": 2, "change_message": "[{\"changed\": {\"fields\": [\"Category\"]}}]"}}, {"model": "admin.logentry", "pk": 68, "fields": {"action_time": "2021-05-15T07:40:11.552Z", "user": 1, "content_type": 10, "object_id": "5", "object_repr": "Baroque", "action_flag": 2, "change_message": "[{\"changed\": {\"fields\": [\"Category\"]}}]"}}, {"model": "admin.logentry", "pk": 69, "fields": {"action_time": "2021-05-15T07:40:22.817Z", "user": 1, "content_type": 10, "object_id": "4", "object_repr": "Elegance", "action_flag": 2, "change_message": "[{\"changed\": {\"fields\": [\"Category\", \"Product type\"]}}]"}}, {"model": "admin.logentry", "pk": 70, "fields": {"action_time": "2021-05-15T07:40:31.577Z", "user": 1, "content_type": 10, "object_id": "1", "object_repr": "Zigzag", "action_flag": 2, "change_message": "[{\"changed\": {\"fields\": [\"Category\"]}}]"}}, {"model": "admin.logentry", "pk": 71, "fields": {"action_time": "2021-05-15T07:40:39.569Z", "user": 1, "content_type": 10, "object_id": "2", "object_repr": "Peixe", "action_flag": 2, "change_message": "[{\"changed\": {\"fields\": [\"Category\"]}}]"}}, {"model": "admin.logentry", "pk": 72, "fields": {"action_time": "2021-05-15T07:41:26.025Z", "user": 1, "content_type": 10, "object_id": "3", "object_repr": "Skull", "action_flag": 2, "change_message": "[{\"changed\": {\"fields\": [\"Category\"]}}]"}}, {"model": "admin.logentry", "pk": 73, "fields": {"action_time": "2021-05-15T07:41:43.016Z", "user": 1, "content_type": 10, "object_id": "7", "object_repr": "Stonewashed", "action_flag": 2, "change_message": "[{\"changed\": {\"fields\": [\"Category\", \"Product type\"]}}]"}}, {"model": "admin.logentry", "pk": 74, "fields": {"action_time": "2021-05-15T07:42:09.282Z", "user": 1, "content_type": 10, "object_id": "10", "object_repr": "Azteca", "action_flag": 2, "change_message": "[{\"changed\": {\"fields\": [\"Category\", \"Product type\"]}}]"}}, {"model": "admin.logentry", "pk": 75, "fields": {"action_time": "2021-05-15T07:42:16.463Z", "user": 1, "content_type": 10, "object_id": "2", "object_repr": "Peixe", "action_flag": 2, "change_message": "[{\"changed\": {\"fields\": [\"Description\"]}}]"}}, {"model": "admin.logentry", "pk": 76, "fields": {"action_time": "2021-05-15T10:56:04.539Z", "user": 1, "content_type": 7, "object_id": "1", "object_repr": "admin", "action_flag": 1, "change_message": "[{\"added\": {}}]"}}, {"model": "admin.logentry", "pk": 77, "fields": {"action_time": "2021-05-15T10:57:47.300Z", "user": 1, "content_type": 4, "object_id": "2", "object_repr": "onr20", "action_flag": 1, "change_message": "[{\"added\": {}}]"}}, {"model": "admin.logentry", "pk": 78, "fields": {"action_time": "2021-05-15T10:58:08.526Z", "user": 1, "content_type": 7, "object_id": "2", "object_repr": "onr20", "action_flag": 1, "change_message": "[{\"added\": {}}]"}}, {"model": "admin.logentry", "pk": 79, "fields": {"action_time": "2021-05-15T11:10:16.467Z", "user": 1, "content_type": 11, "object_id": "1", "object_repr": "Order object (1)", "action_flag": 1, "change_message": "[{\"added\": {}}]"}}, {"model": "admin.logentry", "pk": 80, "fields": {"action_time": "2021-05-15T11:10:36.970Z", "user": 1, "content_type": 12, "object_id": "1", "object_repr": "OrderLine object (1)", "action_flag": 1, "change_message": "[{\"added\": {}}]"}}, {"model": "admin.logentry", "pk": 81, "fields": {"action_time": "2021-05-15T11:11:00.363Z", "user": 1, "content_type": 12, "object_id": "2", "object_repr": "OrderLine object (2)", "action_flag": 1, "change_message": "[{\"added\": {}}]"}}, {"model": "admin.logentry", "pk": 82, "fields": {"action_time": "2021-05-15T11:11:22.261Z", "user": 1, "content_type": 12, "object_id": "3", "object_repr": "OrderLine object (3)", "action_flag": 1, "change_message": "[{\"added\": {}}]"}}, {"model": "admin.logentry", "pk": 83, "fields": {"action_time": "2021-05-15T11:11:44.700Z", "user": 1, "content_type": 12, "object_id": "4", "object_repr": "OrderLine object (4)", "action_flag": 1, "change_message": "[{\"added\": {}}]"}}, {"model": "admin.logentry", "pk": 84, "fields": {"action_time": "2021-05-15T11:12:11.925Z", "user": 1, "content_type": 12, "object_id": "5", "object_repr": "OrderLine object (5)", "action_flag": 1, "change_message": "[{\"added\": {}}]"}}, {"model": "admin.logentry", "pk": 85, "fields": {"action_time": "2021-05-17T11:35:00.668Z", "user": 1, "content_type": 4, "object_id": "3", "object_repr": "onr", "action_flag": 1, "change_message": "[{\"added\": {}}]"}}, {"model": "admin.logentry", "pk": 86, "fields": {"action_time": "2021-05-17T11:35:14.424Z", "user": 1, "content_type": 4, "object_id": "3", "object_repr": "onr_ozcan@hotmail.com", "action_flag": 2, "change_message": "[{\"changed\": {\"fields\": [\"Username\", \"First name\", \"Last name\", \"Email address\"]}}]"}}, {"model": "admin.logentry", "pk": 87, "fields": {"action_time": "2021-05-17T11:35:40.026Z", "user": 1, "content_type": 4, "object_id": "4", "object_repr": "onr2035", "action_flag": 1, "change_message": "[{\"added\": {}}]"}}, {"model": "admin.logentry", "pk": 88, "fields": {"action_time": "2021-05-17T11:36:47.004Z", "user": 1, "content_type": 4, "object_id": "4", "object_repr": "onr2035", "action_flag": 2, "change_message": "[{\"changed\": {\"fields\": [\"First name\", \"Last name\", \"Email address\"]}}]"}}, {"model": "admin.logentry", "pk": 89, "fields": {"action_time": "2021-05-17T12:13:39.389Z", "user": 1, "content_type": 7, "object_id": "3", "object_repr": "Onur", "action_flag": 1, "change_message": "[{\"added\": {}}]"}}, {"model": "admin.logentry", "pk": 90, "fields": {"action_time": "2021-05-17T12:14:02.839Z", "user": 1, "content_type": 7, "object_id": "4", "object_repr": "Onur", "action_flag": 1, "change_message": "[{\"added\": {}}]"}}, {"model": "admin.logentry", "pk": 91, "fields": {"action_time": "2021-05-20T21:09:21.166Z", "user": 1, "content_type": 11, "object_id": "14", "object_repr": "Order of admin, date: 2021-05-21", "action_flag": 3, "change_message": ""}}, {"model": "admin.logentry", "pk": 92, "fields": {"action_time": "2021-05-20T21:09:21.177Z", "user": 1, "content_type": 11, "object_id": "13", "object_repr": "Order of admin, date: 2021-05-21", "action_flag": 3, "change_message": ""}}, {"model": "admin.logentry", "pk": 93, "fields": {"action_time": "2021-05-20T21:09:21.186Z", "user": 1, "content_type": 11, "object_id": "12", "object_repr": "Order of admin, date: 2021-05-21", "action_flag": 3, "change_message": ""}}, {"model": "admin.logentry", "pk": 94, "fields": {"action_time": "2021-05-20T21:09:21.199Z", "user": 1, "content_type": 11, "object_id": "11", "object_repr": "Order of admin, date: 2021-05-21", "action_flag": 3, "change_message": ""}}, {"model": "admin.logentry", "pk": 95, "fields": {"action_time": "2021-05-20T21:09:21.211Z", "user": 1, "content_type": 11, "object_id": "10", "object_repr": "Order of admin, date: 2021-05-21", "action_flag": 3, "change_message": ""}}, {"model": "admin.logentry", "pk": 96, "fields": {"action_time": "2021-05-20T21:09:21.223Z", "user": 1, "content_type": 11, "object_id": "9", "object_repr": "Order of admin, date: 2021-05-21", "action_flag": 3, "change_message": ""}}, {"model": "admin.logentry", "pk": 97, "fields": {"action_time": "2021-05-20T21:09:21.233Z", "user": 1, "content_type": 11, "object_id": "8", "object_repr": "Order of onr20, date: 2021-05-19", "action_flag": 3, "change_message": ""}}, {"model": "admin.logentry", "pk": 98, "fields": {"action_time": "2021-05-20T21:09:21.248Z", "user": 1, "content_type": 11, "object_id": "7", "object_repr": "Order of admin, date: 2021-05-20", "action_flag": 3, "change_message": ""}}, {"model": "admin.logentry", "pk": 99, "fields": {"action_time": "2021-05-20T21:09:21.261Z", "user": 1, "content_type": 11, "object_id": "6", "object_repr": "Order of onr20, date: 2021-05-19", "action_flag": 3, "change_message": ""}}, {"model": "admin.logentry", "pk": 100, "fields": {"action_time": "2021-05-20T21:09:21.271Z", "user": 1, "content_type": 11, "object_id": "5", "object_repr": "Order of onr20, date: 2021-05-19", "action_flag": 3, "change_message": ""}}, {"model": "admin.logentry", "pk": 101, "fields": {"action_time": "2021-05-20T21:09:21.278Z", "user": 1, "content_type": 11, "object_id": "4", "object_repr": "Order of onr20, date: 2021-05-19", "action_flag": 3, "change_message": ""}}, {"model": "admin.logentry", "pk": 102, "fields": {"action_time": "2021-05-20T21:09:21.290Z", "user": 1, "content_type": 11, "object_id": "3", "object_repr": "Order of Onur, date: 2021-05-17", "action_flag": 3, "change_message": ""}}, {"model": "admin.logentry", "pk": 103, "fields": {"action_time": "2021-05-20T21:09:21.301Z", "user": 1, "content_type": 11, "object_id": "2", "object_repr": "Order of admin, date: 2021-05-17", "action_flag": 3, "change_message": ""}}, {"model": "admin.logentry", "pk": 104, "fields": {"action_time": "2021-05-20T21:09:21.309Z", "user": 1, "content_type": 11, "object_id": "1", "object_repr": "Order of onr20, date: 2021-05-15", "action_flag": 3, "change_message": ""}}, {"model": "auth.permission", "pk": 1, "fields": {"name": "Can add log entry", "content_type": 1, "codename": "add_logentry"}}, {"model": "auth.permission", "pk": 2, "fields": {"name": "Can change log entry", "content_type": 1, "codename": "change_logentry"}}, {"model": "auth.permission", "pk": 3, "fields": {"name": "Can delete log entry", "content_type": 1, "codename": "delete_logentry"}}, {"model": "auth.permission", "pk": 4, "fields": {"name": "Can view log entry", "content_type": 1, "codename": "view_logentry"}}, {"model": "auth.permission", "pk": 5, "fields": {"name": "Can add permission", "content_type": 2, "codename": "add_permission"}}, {"model": "auth.permission", "pk": 6, "fields": {"name": "Can change permission", "content_type": 2, "codename": "change_permission"}}, {"model": "auth.permission", "pk": 7, "fields": {"name": "Can delete permission", "content_type": 2, "codename": "delete_permission"}}, {"model": "auth.permission", "pk": 8, "fields": {"name": "Can view permission", "content_type": 2, "codename": "view_permission"}}, {"model": "auth.permission", "pk": 9, "fields": {"name": "Can add group", "content_type": 3, "codename": "add_group"}}, {"model": "auth.permission", "pk": 10, "fields": {"name": "Can change group", "content_type": 3, "codename": "change_group"}}, {"model": "auth.permission", "pk": 11, "fields": {"name": "Can delete group", "content_type": 3, "codename": "delete_group"}}, {"model": "auth.permission", "pk": 12, "fields": {"name": "Can view group", "content_type": 3, "codename": "view_group"}}, {"model": "auth.permission", "pk": 13, "fields": {"name": "Can add user", "content_type": 4, "codename": "add_user"}}, {"model": "auth.permission", "pk": 14, "fields": {"name": "Can change user", "content_type": 4, "codename": "change_user"}}, {"model": "auth.permission", "pk": 15, "fields": {"name": "Can delete user", "content_type": 4, "codename": "delete_user"}}, {"model": "auth.permission", "pk": 16, "fields": {"name": "Can view user", "content_type": 4, "codename": "view_user"}}, {"model": "auth.permission", "pk": 17, "fields": {"name": "Can add content type", "content_type": 5, "codename": "add_contenttype"}}, {"model": "auth.permission", "pk": 18, "fields": {"name": "Can change content type", "content_type": 5, "codename": "change_contenttype"}}, {"model": "auth.permission", "pk": 19, "fields": {"name": "Can delete content type", "content_type": 5, "codename": "delete_contenttype"}}, {"model": "auth.permission", "pk": 20, "fields": {"name": "Can view content type", "content_type": 5, "codename": "view_contenttype"}}, {"model": "auth.permission", "pk": 21, "fields": {"name": "Can add session", "content_type": 6, "codename": "add_session"}}, {"model": "auth.permission", "pk": 22, "fields": {"name": "Can change session", "content_type": 6, "codename": "change_session"}}, {"model": "auth.permission", "pk": 23, "fields": {"name": "Can delete session", "content_type": 6, "codename": "delete_session"}}, {"model": "auth.permission", "pk": 24, "fields": {"name": "Can view session", "content_type": 6, "codename": "view_session"}}, {"model": "auth.permission", "pk": 25, "fields": {"name": "Can add account", "content_type": 7, "codename": "add_account"}}, {"model": "auth.permission", "pk": 26, "fields": {"name": "Can change account", "content_type": 7, "codename": "change_account"}}, {"model": "auth.permission", "pk": 27, "fields": {"name": "Can delete account", "content_type": 7, "codename": "delete_account"}}, {"model": "auth.permission", "pk": 28, "fields": {"name": "Can view account", "content_type": 7, "codename": "view_account"}}, {"model": "auth.permission", "pk": 29, "fields": {"name": "Can add author", "content_type": 8, "codename": "add_author"}}, {"model": "auth.permission", "pk": 30, "fields": {"name": "Can change author", "content_type": 8, "codename": "change_author"}}, {"model": "auth.permission", "pk": 31, "fields": {"name": "Can delete author", "content_type": 8, "codename": "delete_author"}}, {"model": "auth.permission", "pk": 32, "fields": {"name": "Can view author", "content_type": 8, "codename": "view_author"}}, {"model": "auth.permission", "pk": 33, "fields": {"name": "Can add category", "content_type": 9, "codename": "add_category"}}, {"model": "auth.permission", "pk": 34, "fields": {"name": "Can change category", "content_type": 9, "codename": "change_category"}}, {"model": "auth.permission", "pk": 35, "fields": {"name": "Can delete category", "content_type": 9, "codename": "delete_category"}}, {"model": "auth.permission", "pk": 36, "fields": {"name": "Can view category", "content_type": 9, "codename": "view_category"}}, {"model": "auth.permission", "pk": 37, "fields": {"name": "Can add product", "content_type": 10, "codename": "add_product"}}, {"model": "auth.permission", "pk": 38, "fields": {"name": "Can change product", "content_type": 10, "codename": "change_product"}}, {"model": "auth.permission", "pk": 39, "fields": {"name": "Can delete product", "content_type": 10, "codename": "delete_product"}}, {"model": "auth.permission", "pk": 40, "fields": {"name": "Can view product", "content_type": 10, "codename": "view_product"}}, {"model": "auth.permission", "pk": 41, "fields": {"name": "Can add order", "content_type": 11, "codename": "add_order"}}, {"model": "auth.permission", "pk": 42, "fields": {"name": "Can change order", "content_type": 11, "codename": "change_order"}}, {"model": "auth.permission", "pk": 43, "fields": {"name": "Can delete order", "content_type": 11, "codename": "delete_order"}}, {"model": "auth.permission", "pk": 44, "fields": {"name": "Can view order", "content_type": 11, "codename": "view_order"}}, {"model": "auth.permission", "pk": 45, "fields": {"name": "Can add order line", "content_type": 12, "codename": "add_orderline"}}, {"model": "auth.permission", "pk": 46, "fields": {"name": "Can change order line", "content_type": 12, "codename": "change_orderline"}}, {"model": "auth.permission", "pk": 47, "fields": {"name": "Can delete order line", "content_type": 12, "codename": "delete_orderline"}}, {"model": "auth.permission", "pk": 48, "fields": {"name": "Can view order line", "content_type": 12, "codename": "view_orderline"}}, {"model": "auth.user", "pk": 1, "fields": {"password": "pbkdf2_sha256$260000$E7lG9CEQqzB7aG39IrxJYC$BQH8FLVn/K1SQAGKd3FszwXcJZGlLrOW45NzO9psGQw=", "last_login": "2021-05-19T11:43:55.964Z", "is_superuser": true, "username": "admin", "first_name": "", "last_name": "", "email": "", "is_staff": true, "is_active": true, "date_joined": "2021-05-09T10:13:40.027Z", "groups": [], "user_permissions": []}}, {"model": "auth.user", "pk": 2, "fields": {"password": "pbkdf2_sha256$260000$5BHERLtYOAATM2xRoH6Tg4$xwJd6Bj98mDqjkgLB4lLHg5uAIhlAfpAzoIeglbykk8=", "last_login": "2021-05-22T08:17:09.443Z", "is_superuser": false, "username": "onr20", "first_name": "", "last_name": "", "email": "", "is_staff": false, "is_active": true, "date_joined": "2021-05-15T10:57:46.959Z", "groups": [], "user_permissions": []}}, {"model": "auth.user", "pk": 3, "fields": {"password": "pbkdf2_sha256$260000$pUfQIDoiSf2PoUL9pQTc0O$YHgSqMpjWp4nxmg1dD5n1xf7nJvOlrHUqvVflqFfyZk=", "last_login": null, "is_superuser": false, "username": "onr_ozcan@hotmail.com", "first_name": "Onur", "last_name": "Ozcan", "email": "haozca@ttu.ee", "is_staff": false, "is_active": true, "date_joined": "2021-05-17T11:35:00Z", "groups": [], "user_permissions": []}}, {"model": "auth.user", "pk": 4, "fields": {"password": "pbkdf2_sha256$260000$fb9PIekFxhybZX3BXTjVaT$2ZIGw/TdfYgz4GohKPa4oaZKAVRpgEXhOwxV0DQhYDA=", "last_login": "2021-05-17T12:15:06.234Z", "is_superuser": false, "username": "onr2035", "first_name": "Onur", "last_name": "Ozcan", "email": "abc@hotmail.com", "is_staff": false, "is_active": true, "date_joined": "2021-05-17T11:35:39Z", "groups": [], "user_permissions": []}}, {"model": "contenttypes.contenttype", "pk": 1, "fields": {"app_label": "admin", "model": "logentry"}}, {"model": "contenttypes.contenttype", "pk": 2, "fields": {"app_label": "auth", "model": "permission"}}, {"model": "contenttypes.contenttype", "pk": 3, "fields": {"app_label": "auth", "model": "group"}}, {"model": "contenttypes.contenttype", "pk": 4, "fields": {"app_label": "auth", "model": "user"}}, {"model": "contenttypes.contenttype", "pk": 5, "fields": {"app_label": "contenttypes", "model": "contenttype"}}, {"model": "contenttypes.contenttype", "pk": 6, "fields": {"app_label": "sessions", "model": "session"}}, {"model": "contenttypes.contenttype", "pk": 7, "fields": {"app_label": "accounts", "model": "account"}}, {"model": "contenttypes.contenttype", "pk": 8, "fields": {"app_label": "accounts", "model": "author"}}, {"model": "contenttypes.contenttype", "pk": 9, "fields": {"app_label": "products", "model": "category"}}, {"model": "contenttypes.contenttype", "pk": 10, "fields": {"app_label": "products", "model": "product"}}, {"model": "contenttypes.contenttype", "pk": 11, "fields": {"app_label": "orders", "model": "order"}}, {"model": "contenttypes.contenttype", "pk": 12, "fields": {"app_label": "orders", "model": "orderline"}}, {"model": "sessions.session", "pk": "7cdfx7wb5m6n5nkkf78s7cqk93rul2sd", "fields": {"session_data": ".eJxVjDsOwyAQRO9CHSGM-aZM7zOghV2CkwgkY1dR7h5bcpFUI817M28WYFtL2DotYUZ2ZQO7_HYR0pPqAfAB9d54anVd5sgPhZ-086khvW6n-3dQoJd97TB7lwh8Jqly9JKMHrMbbEygUBu9JykrsjEi-eg8yjwKQims8OCIfb4Nzzis:1lfhMS:Zqpy0UOM7oYhPOC-rAG-MD3JuGhrEed_db9uvly4DM8", "expire_date": "2021-05-23T11:12:36.089Z"}}, {"model": "sessions.session", "pk": "8mnsljsgf46wiie81rop5lyukfj9csfw", "fields": {"session_data": ".eJxVjDsOwyAQRO9CHSGM-aZM7zOghV2CkwgkY1dR7h5bcpFUI817M28WYFtL2DotYUZ2ZQO7_HYR0pPqAfAB9d54anVd5sgPhZ-086khvW6n-3dQoJd97TB7lwh8Jqly9JKMHrMbbEygUBu9JykrsjEi-eg8yjwKQims8OCIfb4Nzzis:1lfgd9:gdyLpcbVWWhSvdKOeAMOT9hD67fqgTWhrZjazHADbx0", "expire_date": "2021-05-23T10:25:47.119Z"}}, {"model": "sessions.session", "pk": "9sll29xgk2oxue340r24pu55rzvw6p38", "fields": {"session_data": "e30:1lhs05:YAsYqpMDflJgWTxG2iputiNJKQM_TqWWdic5WRwSkco", "expire_date": "2021-05-29T10:58:29.690Z"}}, {"model": "sessions.session", "pk": "fb8m0ixiph9ye338s7vzo5jvbhkptwix", "fields": {"session_data": ".eJxVjDsOwyAQRO9CHSGM-aZM7zOghV2CkwgkY1dR7h5bcpFUI817M28WYFtL2DotYUZ2ZQO7_HYR0pPqAfAB9d54anVd5sgPhZ-086khvW6n-3dQoJd97TB7lwh8Jqly9JKMHrMbbEygUBu9JykrsjEi-eg8yjwKQims8OCIfb4Nzzis:1ljKcF:OIbAzA_QVyXI_5H9mvvuT1Mj2LSqWumEs1Uvq8ZmzQI", "expire_date": "2021-06-02T11:43:55.975Z"}}, {"model": "sessions.session", "pk": "hejan41x4syf4sds4x1ecuiynz04ygo5", "fields": {"session_data": ".eJxVjDsOwyAQRO9CHSEwyy9lep8BLQsOTiKQjF1FuXtsyUVSzrw382YBt7WEreclzIld2cAuv11EeuZ6gPTAem-cWl2XOfJD4SftfGwpv26n-3dQsJd9bZUlogE8CLROJXRCg0ZLVtsEUiTlPUQgIyhnDU5NQho_SaP3HCGzzxfH6zd9:1ljpT9:xjrz1fc1tJcq78Z25QmLfeYjc7YbzIUJuvUtFD9UrGU", "expire_date": "2021-06-03T20:40:35.323Z"}}, {"model": "sessions.session", "pk": "nlkd75op5z95ygx3xbdewz8ngdxv61al", "fields": {"session_data": ".eJxVjDsOwyAQRO9CHSEwyy9lep8BLQsOTiKQjF1FuXtsyUVSzrw382YBt7WEreclzIld2cAuv11EeuZ6gPTAem-cWl2XOfJD4SftfGwpv26n-3dQsJd9bZUlogE8CLROJXRCg0ZLVtsEUiTlPUQgIyhnDU5NQho_SaP3HCGzzxfH6zd9:1ljKRF:KFEw0fqdMhOB3UzX7eCsMjW6yCAHzmWRJ1YYmXXuXBE", "expire_date": "2021-06-02T11:32:33.213Z"}}, {"model": "sessions.session", "pk": "u7yvq3tohk8ialpma07d6umq0fnin1xn", "fields": {"session_data": ".eJxVjDsOwyAQRO9CHSEwyy9lep8BLQsOTiKQjF1FuXtsyUVSzrw382YBt7WEreclzIld2cAuv11EeuZ6gPTAem-cWl2XOfJD4SftfGwpv26n-3dQsJd9bZUlogE8CLROJXRCg0ZLVtsEUiTlPUQgIyhnDU5NQho_SaP3HCGzzxfH6zd9:1lkMon:aSKR7mChIJ0U6YAH60_f_H61Iy9NIFs59_88exendK4", "expire_date": "2021-06-05T08:17:09.453Z"}}, {"model": "accounts.account", "pk": 1, "fields": {"user": 1, "city": "denizli", "country": "turkey", "address": "siidsaba 7 tallinn", "avatar": "images/8682353504651.jpg", "role": "ADM", "preferred_communication_channel": "EML"}}, {"model": "accounts.account", "pk": 2, "fields": {"user": 2, "city": "denizli", "country": "turkey", "address": "siidsaba 7 tallinn", "avatar": "images/dc09p13014811_BsdrikS.jpg", "role": "USR", "preferred_communication_channel": "EML"}}, {"model": "accounts.account", "pk": 3, "fields": {"user": 4, "city": "Tallinna", "country": "Estonia", "address": "siidsaba 7 tallinn", "avatar": "images/dc09p13014811_v7DVe9q.jpg", "role": "USR", "preferred_communication_channel": "EML"}}, {"model": "accounts.account", "pk": 4, "fields": {"user": 3, "city": "Tallinn", "country": "Estonia", "address": "Harjumaa, Viimsi vald, Rohuneeme küla, Annuse tee 5,", "avatar": "images/8682353504651_ISCVtJh.jpg", "role": "USR", "preferred_communication_channel": "EML"}}, {"model": "accounts.author", "pk": 1, "fields": {"user": 1, "name": "Hasan Onur", "surname": "Ozcan"}}, {"model": "orders.order", "pk": 15, "fields": {"client": 2, "date_of_submission": "2021-05-21", "active": false, "sum": "94.60", "status": "PD"}}, {"model": "orders.order", "pk": 16, "fields": {"client": 1, "date_of_submission": "2021-05-21", "active": false, "sum": "47.60", "status": "PD"}}, {"model": "orders.order", "pk": 17, "fields": {"client": 2, "date_of_submission": "2021-05-22", "active": false, "sum": "19.90", "status": "PD"}}, {"model": "orders.order", "pk": 18, "fields": {"client": 1, "date_of_submission": "2021-05-22", "active": false, "sum": "193.20", "status": "PD"}}, {"model": "orders.order", "pk": 19, "fields": {"client": 1, "date_of_submission": "2021-05-22", "active": true, "sum": "0.00", "status": "NP"}}, {"model": "orders.order", "pk": 20, "fields": {"client": 2, "date_of_submission": "2021-05-22", "active": false, "sum": "79.60", "status": "PD"}}, {"model": "orders.orderline", "pk": 34, "fields": {"product": 1, "number_of_products": 1, "price": "19.90", "order": 15}}, {"model": "orders.orderline", "pk": 35, "fields": {"product": 10, "number_of_products": 3, "price": "24.90", "order": 15}}, {"model": "orders.orderline", "pk": 36, "fields": {"product": 12, "number_of_products": 4, "price": "11.90", "order": 16}}, {"model": "orders.orderline", "pk": 37, "fields": {"product": 1, "number_of_products": 1, "price": "19.90", "order": 17}}, {"model": "orders.orderline", "pk": 38, "fields": {"product": 6, "number_of_products": 3, "price": "22.90", "order": 18}}, {"model": "orders.orderline", "pk": 39, "fields": {"product": 4, "number_of_products": 5, "price": "24.90", "order": 18}}, {"model": "orders.orderline", "pk": 41, "fields": {"product": 1, "number_of_products": 4, "price": "19.90", "order": 20}}, {"model": "products.category", "pk": 1, "fields": {"name": "Peixe"}}, {"model": "products.category", "pk": 2, "fields": {"name": "Zigzag"}}, {"model": "products.category", "pk": 3, "fields": {"name": "Elegance"}}, {"model": "products.category", "pk": 4, "fields": {"name": "Skull"}}, {"model": "products.category", "pk": 5, "fields": {"name": "Baroque"}}, {"model": "products.category", "pk": 6, "fields": {"name": "Pineapple"}}, {"model": "products.category", "pk": 7, "fields": {"name": "Stonewashed"}}, {"model": "products.category", "pk": 8, "fields": {"name": "Tones"}}, {"model": "products.category", "pk": 9, "fields": {"name": "Vintage"}}, {"model": "products.category", "pk": 10, "fields": {"name": "Azteca"}}, {"model": "products.category", "pk": 11, "fields": {"name": "Adriatic"}}, {"model": "products.category", "pk": 12, "fields": {"name": "Caspian"}}, {"model": "products.category", "pk": 13, "fields": {"name": "Linen"}}, {"model": "products.category", "pk": 14, "fields": {"name": "Cotton"}}, {"model": "products.product", "pk": 1, "fields": {"title": "Zigzag", "description": "Hand loomed by local artisans with 100% Natural Cotton\r\n\r\nCan be used as sauna towel, beach towel, bath towel, gym and yoga towel, scarf, sarong, tablecloth, picnic blanket, light throw and much more.\r\n\r\nLight and airy\r\nQuick drying\r\nExtremely absorbent\r\nEco-Friendly\r\nSoft\r\nLarge in size and yet compact\r\nConvenient for travel\r\nAuthentic and versatile\r\nThin\r\nSofter and more absorbent with every wash\r\n \r\n\r\nMachine wash max 40C, do not use fabric softener\r\n\r\nIt may reduce the towel’s ability to absorb water", "thumbnail": "images/8820000004783_5.jpg", "category": 14, "price": "19.90", "product_type": "CTN", "author": 1}}, {"model": "products.product", "pk": 2, "fields": {"title": "Peixe", "description": "Hand loomed by local artisans with 100% Natural Cotton\r\n\r\nCan be used as sauna towel, beach towel, bath towel, gym and yoga towel, scarf, sarong, tablecloth, picnic blanket, light throw and much more.\r\n\r\nLight and airy\r\nQuick drying\r\nExtremely absorbent\r\nEco-Friendly\r\nSoft\r\nLarge in size and yet compact\r\nConvenient for travel\r\nAuthentic and versatile\r\nThin\r\nSofter and more absorbent with every wash\r\n\r\n\r\nMachine wash max 40C, do not use fabric softener\r\n\r\nIt may reduce the towel’s ability to absorb water", "thumbnail": "images/8820000004769_5.jpg", "category": 14, "price": "25.90", "product_type": "CTN", "author": 1}}, {"model": "products.product", "pk": 3, "fields": {"title": "Skull", "description": "Hand loomed by local artisans with 100% Natural Cotton\r\n\r\nCan be used as sauna towel, beach towel, bath towel, gym and yoga towel, scarf, sarong, tablecloth, picnic blanket, light throw and much more.\r\n\r\nLight and airy\r\nQuick drying\r\nExtremely absorbent\r\nEco-Friendly\r\nSoft\r\nLarge in size and yet compact\r\nConvenient for travel\r\nAuthentic and versatile\r\nThin\r\nSofter and more absorbent with every wash\r\n \r\n\r\nMachine wash max 40C, do not use fabric softener\r\n\r\nIt may reduce the towel’s ability to absorb water", "thumbnail": "images/8820000002406.jpg", "category": 13, "price": "22.90", "product_type": "LNN", "author": 1}}, {"model": "products.product", "pk": 4, "fields": {"title": "Elegance", "description": "Hand loomed by local artisans with 100% Natural Cotton\r\n\r\nCan be used as sauna towel, beach towel, bath towel, gym and yoga towel, scarf, sarong, tablecloth, picnic blanket, light throw and much more.", "thumbnail": "images/8820000009061_4.jpg", "category": 13, "price": "24.90", "product_type": "LNN", "author": 1}}, {"model": "products.product", "pk": 5, "fields": {"title": "Baroque", "description": "Hand loomed by local artisans with 100% Natural Cotton\r\n\r\nCan be used as sauna towel, beach towel, bath towel, gym and yoga towel, scarf, sarong, tablecloth, picnic blanket, light throw and much more.\r\n\r\nLight and airy\r\nQuick drying\r\nExtremely absorbent\r\nEco-Friendly\r\nSoft\r\nLarge in size and yet compact\r\nConvenient for travel\r\nAuthentic and versatile\r\nThin\r\nSofter and more absorbent with every wash\r\n \r\n\r\nMachine wash max 40C, do not use fabric softener\r\n\r\nIt may reduce the towel’s ability to absorb water", "thumbnail": "images/8820000005124_8.jpg", "category": 13, "price": "24.90", "product_type": "CTN", "author": 1}}, {"model": "products.product", "pk": 6, "fields": {"title": "Pineapple", "description": "Hand loomed by local artisans with 100% Natural Cotton\r\n\r\nCan be used as sauna towel, beach towel, bath towel, gym and yoga towel, scarf, sarong, tablecloth, picnic blanket, light throw and much more.", "thumbnail": "images/8820000002703.jpg", "category": 13, "price": "22.90", "product_type": "LNN", "author": 1}}, {"model": "products.product", "pk": 7, "fields": {"title": "Stonewashed", "description": "Hand loomed by local artisans with 100% Natural Cotton\r\n\r\nCan be used as sauna towel, beach towel, bath towel, gym and yoga towel, scarf, sarong, tablecloth, picnic blanket, light throw and much more.\r\n\r\nLight and airy\r\nQuick drying\r\nExtremely absorbent\r\nEco-Friendly\r\nSoft\r\nLarge in size and yet compact\r\nConvenient for travel\r\nAuthentic and versatile\r\nThin\r\nSofter and more absorbent with every wash\r\n\r\n\r\nMachine wash max 40C, do not use fabric softener\r\n\r\nIt may reduce the towel’s ability to absorb water", "thumbnail": "images/8820000011019_2.jpg", "category": 14, "price": "29.90", "product_type": "CTN", "author": 1}}, {"model": "products.product", "pk": 8, "fields": {"title": "Tones", "description": "Hand loomed by local artisans with 100% Natural Cotton\r\n\r\nCan be used as sauna towel, beach towel, bath towel, gym and yoga towel, scarf, sarong, tablecloth, picnic blanket, light throw and much more.\r\n\r\nLight and airy\r\nQuick drying\r\nExtremely absorbent\r\nEco-Friendly\r\nSoft\r\nLarge in size and yet compact\r\nConvenient for travel\r\nAuthentic and versatile\r\nThin\r\nSofter and more absorbent with every wash\r\n \r\n\r\nMachine wash max 40C, do not use fabric softener\r\n\r\nIt may reduce the towel’s ability to absorb water", "thumbnail": "images/8820000005636_3.jpg", "category": 14, "price": "9.90", "product_type": "CTN", "author": 1}}, {"model": "products.product", "pk": 9, "fields": {"title": "Vintage", "description": "Hand loomed by local artisans with 100% Natural Cotton\r\n\r\nCan be used as sauna towel, beach towel, bath towel, gym and yoga towel, scarf, sarong, tablecloth, picnic blanket, light throw and much more.\r\n\r\nLight and airy\r\nQuick drying\r\nExtremely absorbent\r\nEco-Friendly\r\nSoft\r\nLarge in size and yet compact\r\nConvenient for travel\r\nAuthentic and versatile\r\nThin\r\nSofter and more absorbent with every wash\r\n\r\n\r\nMachine wash max 40C, do not use fabric softener\r\n\r\nIt may reduce the towel’s ability to absorb water", "thumbnail": "images/dc09p13014851.jpg", "category": 13, "price": "23.90", "product_type": "LNN", "author": 1}}, {"model": "products.product", "pk": 10, "fields": {"title": "Azteca", "description": "Hand loomed by local artisans with 100% Natural Cotton\r\n\r\nCan be used as sauna towel, beach towel, bath towel, gym and yoga towel, scarf, sarong, tablecloth, picnic blanket, light throw and much more.\r\n\r\nLight and airy\r\nQuick drying\r\nExtremely absorbent\r\nEco-Friendly\r\nSoft\r\nLarge in size and yet compact\r\nConvenient for travel\r\nAuthentic and versatile\r\nThin\r\nSofter and more absorbent with every wash\r\n\r\n\r\nMachine wash max 40C, do not use fabric softener\r\n\r\nIt may reduce the towel’s ability to absorb water", "thumbnail": "images/8820000002390.jpg", "category": 13, "price": "24.90", "product_type": "LNN", "author": 1}}, {"model": "products.product", "pk": 11, "fields": {"title": "Adriatic", "description": "Hand loomed by local artisans with 100% Natural Cotton\r\n\r\nCan be used as sauna towel, beach towel, bath towel, gym and yoga towel, scarf, sarong, tablecloth, picnic blanket, light throw and much more.\r\n\r\nLight and airy\r\nQuick drying\r\nExtremely absorbent\r\nEco-Friendly\r\nSoft\r\nLarge in size and yet compact\r\nConvenient for travel\r\nAuthentic and versatile\r\nThin\r\nSofter and more absorbent with every wash\r\n\r\n\r\nMachine wash max 40C, do not use fabric softener\r\n\r\nIt may reduce the towel’s ability to absorb water", "thumbnail": "images/dc09p13014821.jpg", "category": 14, "price": "11.90", "product_type": "CTN", "author": 1}}, {"model": "products.product", "pk": 12, "fields": {"title": "Caspian", "description": "Hand loomed by local artisans with 100% Natural Cotton\r\n\r\nCan be used as sauna towel, beach towel, bath towel, gym and yoga towel, scarf, sarong, tablecloth, picnic blanket, light throw and much more.\r\n\r\nLight and airy\r\nQuick drying\r\nExtremely absorbent\r\nEco-Friendly\r\nSoft\r\nLarge in size and yet compact\r\nConvenient for travel\r\nAuthentic and versatile\r\nThin\r\nSofter and more absorbent with every wash\r\n\r\n\r\nMachine wash max 40C, do not use fabric softener\r\n\r\nIt may reduce the towel’s ability to absorb water", "thumbnail": "images/dc09p13014811.jpg", "category": 14, "price": "11.90", "product_type": "LNN", "author": 1}}]